Top queries,Clicks,Impressions,CTR,Position
growmax,1882,18292,10.29%,3.03
grow max,217,5962,3.64%,5.34
write for us ecommerce,54,567,9.52%,42.05
write for us + ecommerce,52,256,20.31%,42.49
growmax 90,49,1277,3.84%,8.29
growmax90,44,821,5.36%,7.37
growmax company,38,495,7.68%,3.08
write for us b2b,24,392,6.12%,44.66
growmaxx,19,980,1.94%,4.17
selling machine parts,18,458,3.93%,2.57
grownaax,16,37,43.24%,1.08
grownax,15,769,1.95%,5.72
growmax earning app,13,148,8.78%,1.81
growmax solutions,11,987,1.11%,5.47
fmcg wholesale app,10,601,1.66%,10.34
spare parts ecommerce,9,2089,0.43%,11.3
tradegecko alternative,9,1287,0.7%,2.3
how to increase spare parts sales,8,564,1.42%,4.08
grow max 90,8,308,2.6%,9.1
bike spare parts business investment,7,598,1.17%,7.1
bike spare parts business,6,721,0.83%,6.5
ecommerce write for us,6,422,1.42%,34.36
e commerce spare parts,6,192,3.12%,11.44
traditional competitors,6,146,4.11%,2.59
growmax group,6,130,4.62%,6.07
gms growmax,6,73,8.22%,4.74
write for us + business,6,15,40%,77.27
handshake competitors,5,1479,0.34%,8.2
pepperi competitors,5,399,1.25%,6.63
pepperi alternatives,5,384,1.3%,5.92
grownax.io,5,373,1.34%,4.08
how to start 2 wheeler spare parts business,5,345,1.45%,5.46
write for us shopping,5,54,9.26%,48.5
write for us crm,5,11,45.45%,112.09
grow-max,4,41,9.76%,4.39
"ecommerce ""write for us""",4,33,12.12%,47.97
growmax ai,4,30,13.33%,2.07
grow max value,3,1170,0.26%,6.91
pepperi pricing,3,1082,0.28%,5.64
handshake alternatives,3,843,0.36%,40.93
sell car accessories,3,702,0.43%,9.54
two wheeler spare parts business,3,395,0.76%,6.51
pepperi alternative,3,250,1.2%,1.01
handshake ai alternative,3,233,1.29%,6.69
bike accessories business,3,139,2.16%,7.47
growmax product list,3,111,2.7%,9.25
growmax chennai,3,11,27.27%,1
toko sparepart alat berat,3,7,42.86%,73.71
write for us online shopping,3,5,60%,91.8
b2b2b,2,3133,0.06%,10.78
mqo,2,1299,0.15%,1.48
spare parts business,2,1137,0.18%,15.88
two wheeler spare parts business investment,2,958,0.21%,8.08
sell car accessories online,2,885,0.23%,15.76
sap ecc integration,2,882,0.23%,21.38
sap 3rd party integration,2,771,0.26%,14.16
pepperi,2,708,0.28%,7.62
bike parts business,2,704,0.28%,7.38
growmax value,2,339,0.59%,7.41
b2b articles,2,256,0.78%,29.4
car accessories business,2,235,0.85%,14.02
pepperi software,2,231,0.87%,16.06
growax,2,169,1.18%,3.66
spare parts business plan,2,142,1.41%,6.72
fmcg b2b wholesale app,2,71,2.82%,8.01
write for us business,2,34,5.88%,83.56
growmax software,2,32,6.25%,1.66
how to increase parts sales,2,26,7.69%,2.92
grow max company,2,19,10.53%,1.84
"""write for us"" + ecommerce",2,16,12.5%,27.12
pepperi app,2,8,25%,5.88
gromax 90,2,5,40%,21
d2c full form,1,18542,0.01%,4.39
perpetual inventory system,1,8194,0.01%,72.89
d2c meaning,1,7379,0.01%,44.59
o2c,1,6566,0.02%,65.37
b2b marketplace,1,4063,0.02%,90.56
ecommerce terminology,1,2994,0.03%,78.01
sap integration with third party software,1,2277,0.04%,11.52
mqo meaning,1,1693,0.06%,5.75
tradegecko alternatives,1,1440,0.07%,4.87
online marketplace,1,1225,0.08%,82.06
tradegecko vs,1,1117,0.09%,3.51
heavy equipment spare parts,1,983,0.1%,68.13
d2c definition,1,981,0.1%,47.78
wholesale b2b,1,974,0.1%,86.52
fmcg b2b sales,1,777,0.13%,45.77
product recommendations in b2b ecommerce,1,640,0.16%,6.81
sell car spare parts,1,373,0.27%,22.39
b2b services marketplace,1,369,0.27%,85.45
e commerce parts,1,337,0.3%,19.35
tradegecko replacement,1,293,0.34%,1.82
what is wholesale marketing,1,280,0.36%,11.97
b2b write for us,1,215,0.47%,60.19
grow max value inc,1,211,0.47%,6.73
websites like handshake,1,207,0.48%,9.7
fmcg b2b wholesale,1,204,0.49%,25.47
advantages of electronic commerce,1,198,0.51%,52.32
aftermarket sales strategy,1,182,0.55%,9.15
just-in-time system,1,173,0.58%,76.27
trade geko,1,163,0.61%,57.92
handshake ai alternatives,1,160,0.62%,6.15
f&b wholesale,1,160,0.62%,16
how to start a bike spare parts business,1,159,0.63%,5.43
benefits of e-commerce to consumers,1,159,0.63%,34.08
grow max solutions,1,144,0.69%,6.18
tradegecko inventory management,1,143,0.7%,32.06
sites like handshake ai,1,135,0.74%,7.36
sell car spare parts online,1,123,0.81%,29.16
2 wheeler spare parts business,1,117,0.85%,7.02
digital partner meaning,1,113,0.88%,7.35
write for us,1,107,0.93%,94.85
bike spare parts shop investment,1,102,0.98%,7.86
construction equipment parts sales,1,97,1.03%,36.8
supplier sparepart,1,82,1.22%,80.93
bike auto parts business,1,73,1.37%,4.22
grownax app,1,69,1.45%,3.8
email marketing software + write for us,1,66,1.52%,90.15
websites like handshake ai,1,65,1.54%,7.14
spare parts promotion ideas,1,57,1.75%,7.26
how to start bike spare parts business,1,56,1.79%,5.66
bike parts business plan,1,50,2%,3.82
after market sales,1,46,2.17%,25.91
parts ecommerce,1,42,2.38%,53.1
bike spare parts business plan,1,40,2.5%,3.23
wholesale marketing strategy pdf,1,33,3.03%,27.09
just in time features,1,31,3.23%,24.77
growmax login,1,30,3.33%,5.53
characteristics of just in time,1,26,3.85%,3.88
handshake competition,1,26,3.85%,7.27
process of jit,1,26,3.85%,34.54
b2b market,1,24,4.17%,56.54
benefits of ecommerce to consumers,1,22,4.55%,29.64
growmax.io,1,19,5.26%,1
platforms like handshake,1,17,5.88%,7.35
bike accessories business plan,1,14,7.14%,2.79
sales write for us,1,14,7.14%,17.29
grownmax,1,12,8.33%,3.08
growmac,1,12,8.33%,3.92
where to sell car accessories,1,12,8.33%,9.92
pepperlive alternative,1,7,14.29%,5.86
software companies in perungudi,1,7,14.29%,135.14
po,1,6,16.67%,1
gowmax,1,6,16.67%,5
characteristics of just in time inventory system,1,6,16.67%,6.67
b2b earning app,1,5,20%,12
write for us e commerce,1,5,20%,29.2
distributor sparepart,1,5,20%,103.8
"""write for us""",1,5,20%,173.2
sell part,1,3,33.33%,2.67
spare parts marketing,1,3,33.33%,4
bike parts wholesale market in kolkata,1,3,33.33%,6
how to sell online,1,2,50%,1
spare parts shop,1,2,50%,2.5
writeforus,1,2,50%,55.5
email marketing software write for us,1,2,50%,117
tractor spare parts business,1,1,100%,3
what is the wholesale market and what is its importance,1,1,100%,3
automobile spare parts business plan pdf,1,1,100%,4
write for us + industry,1,1,100%,40
write for us industry,1,1,100%,123
global b2b marketplace,1,1,100%,127
write for us + adult,1,1,100%,230
write for us business paid,1,1,100%,282
order management,0,34428,0%,87.15
inventory control,0,28519,0%,77.08
what is order management,0,12443,0%,81.51
catalog management,0,12340,0%,86.14
jit inventory management,0,12216,0%,77.41
jit inventory management in cpg,0,12034,0%,60.67
inventory management techniques,0,10114,0%,82.79
what are inventory management techniques,0,8632,0%,83.46
spare parts management,0,6513,0%,77.76
b2b software,0,5969,0%,80.71
ecommerce personalization,0,5927,0%,90.12
inventory control system,0,5895,0%,83.41
b2b buying process,0,5846,0%,83.25
o2c process,0,5717,0%,71.16
crm ecommerce,0,5702,0%,86.46
lead time,0,5519,0%,85.13
inventory control management,0,5495,0%,78.54
purchase order,0,5419,0%,82.19
product experience management,0,5187,0%,60.5
ecommerce software,0,5040,0%,63.59
advantages of ecommerce,0,4921,0%,45.88
product catalog management,0,4895,0%,86.8
what is inventory control,0,4768,0%,68.1
wholesale digital marketing,0,4735,0%,54.04
just in time inventory,0,4726,0%,66.53
minimum order quantity,0,4243,0%,85.09
dead stock,0,3998,0%,77.59
what is a purchase order,0,3998,0%,85.8
lead time formula,0,3735,0%,80.84
jit inventory,0,3710,0%,75.75
ecommerce crm,0,3705,0%,86.1
ecommerce shipping,0,3606,0%,80.1
ecommerce terms,0,3571,0%,69.25
ai order management,0,3558,0%,82.5
what is lead time,0,3419,0%,79.72
what is purchase order,0,3278,0%,72.15
safety stock,0,3114,0%,89.87
sales rep app,0,3031,0%,51.34
finished goods inventory,0,3022,0%,50.89
lead time meaning,0,3001,0%,99.29
perpetual inventory,0,2896,0%,75.62
e-commerce crm,0,2835,0%,78.48
what is d2c,0,2832,0%,65.24
ai order processing,0,2762,0%,78.25
b2b ecommerce,0,2745,0%,88.05
best ecommerce software,0,2738,0%,46.59
b2b marketplaces,0,2696,0%,91.13
parts inventory management,0,2601,0%,72.87
product description,0,2568,0%,70.48
what is perpetual inventory,0,2543,0%,69.83
what is just in time inventory,0,2513,0%,74.27
benefits of ecommerce,0,2376,0%,56.3
best brands for no clear search term identified,0,2344,0%,1
d2c,0,2343,0%,77.2
b2b marketing strategy,0,2294,0%,1.21
spare parts inventory management,0,2224,0%,76.43
advantages of e commerce,0,2211,0%,61.91
ecommerce catalog management,0,2159,0%,85.52
lead time definition,0,2132,0%,85.89
product catalogue management,0,2109,0%,80.41
techniques of inventory management,0,2040,0%,78.14
how to increase b2b sales,0,1979,0%,87.95
business to business software,0,1978,0%,73.7
b2b ecommerce website development,0,1971,0%,81.2
spare part management,0,1967,0%,83.41
b2b sales app,0,1958,0%,45.96
crm in ecommerce,0,1940,0%,85.88
what is inventory control system,0,1937,0%,79.88
b2b ecommerce for manufacturers,0,1928,0%,81.16
order to cash,0,1917,0%,45.65
how to write an invoice email,0,1904,0%,90.18
tradegecko,0,1870,0%,49.23
just in time inventory system,0,1789,0%,74.36
b2b wholesale,0,1748,0%,74.5
wholesale marketing,0,1740,0%,48.96
what is jit,0,1728,0%,57.15
ecommerce product catalog management,0,1722,0%,76.45
advantages of ecommerce for business,0,1693,0%,57.63
partner sales management,0,1692,0%,8.73
software b2b,0,1661,0%,89.17
ecommerce glossary,0,1645,0%,81.05
e commerce crm,0,1642,0%,78.14
finished goods inventory formula,0,1628,0%,37.81
order management process,0,1589,0%,82.38
what is safety stock,0,1579,0%,84.55
applications for sales reps,0,1565,0%,65.41
what is dead stock,0,1562,0%,80.9
crm commerce,0,1549,0%,80.24
backordering,0,1532,0%,39.4
ecommerce lingo,0,1516,0%,70.78
what is a perpetual inventory system,0,1513,0%,75.46
advantages of e-commerce,0,1495,0%,62.36
aftermarket sales,0,1477,0%,49.19
catalogue management,0,1474,0%,87.21
inventory management and control,0,1454,0%,80
b2b ecommerce comparison,0,1449,0%,61.27
tradegecko competitors,0,1432,0%,5.71
b2b decision making process,0,1431,0%,84.38
inventory management methods,0,1413,0%,78.24
e commerce benefits,0,1412,0%,78.71
e-commerce personalization,0,1408,0%,86.04
shopify plus alternatives,0,1401,0%,52.91
parts management,0,1401,0%,82.07
what is the purpose of inventory control,0,1367,0%,89.45
order to cash process,0,1329,0%,64.74
techniques for inventory management,0,1312,0%,82.07
just in time supply chain,0,1307,0%,74.61
o2c cycle,0,1230,0%,53.74
what is an online marketplace,0,1227,0%,63.36
b2b ecommerce guide,0,1220,0%,90.86
what is a b2b marketplace,0,1210,0%,65.73
jit inventory control,0,1200,0%,77.86
how to write product descriptions,0,1198,0%,62.4
wholesale marketing strategy,0,1192,0%,56.73
purchase order definition,0,1176,0%,88.13
just-in-time inventory,0,1161,0%,66.26
what does d2c mean,0,1155,0%,71.66
how to write a product description,0,1152,0%,68.62
benefits of e commerce,0,1146,0%,69.02
how to calculate finished goods inventory,0,1137,0%,36.69
ecommerce jargon,0,1135,0%,59.49
b2b sales quoting software,0,1131,0%,61.68
b2b purchasing process,0,1130,0%,70.06
order to cash and procure to pay,0,1113,0%,79.48
ecommerce glossary of terms,0,1112,0%,80.58
customer order management,0,1111,0%,93.81
order-to-cash and procure-to-pay,0,1108,0%,74.82
what is b2b marketplace,0,1098,0%,69.49
purchase order example,0,1098,0%,80.08
inventory control process,0,1096,0%,83.32
fmcg order booking app,0,1093,0%,21.01
importance of purchase order collaboration,0,1081,0%,87.99
what is perpetual inventory system,0,1077,0%,76.43
crm and ecommerce,0,1065,0%,85.41
magento vs shopify vs bigcommerce,0,1064,0%,60.28
order 2 cash cycle,0,1058,0%,77.29
e commerce shipping,0,1050,0%,81.99
what is order management system,0,1048,0%,82.52
partner sales,0,1043,0%,30.28
bigcommerce vs woocommerce vs shopify,0,1036,0%,72.48
veeqo vs tradegecko,0,1032,0%,13.68
inventory controls,0,1029,0%,68.34
define lead time,0,1024,0%,93.45
b2b marketplace platform,0,1015,0%,96.7
b2b retail app,0,1008,0%,77.38
tradegecko pricing,0,1007,0%,17.4
crm in e commerce,0,1000,0%,88.86
marketplace b2b,0,989,0%,92.36
industrial sales leads,0,988,0%,77.89
personalization in ecommerce,0,985,0%,93.98
e-commerce terminology,0,983,0%,81.42
benefits of e-commerce,0,982,0%,73.67
fmcg b2b ecommerce,0,971,0%,73.54
o2c software,0,967,0%,84.86
o2c process cycle,0,960,0%,68.97
what does lead time mean,0,956,0%,83.9
perpetual inventory management,0,955,0%,81.07
o2c app,0,943,0%,58.91
benefits of spare parts management,0,943,0%,73.86
handshake solutions,0,942,0%,36.11
digital marketing for wholesalers,0,938,0%,61.45
ecommerce and crm,0,934,0%,85.47
o2c services,0,933,0%,76.5
shipping methods for online stores,0,925,0%,75.96
o2c order management,0,914,0%,56.39
which cpq app should i choose for a medium-sized enterprise,0,904,0%,7.32
what are purchase orders,0,888,0%,82.99
formula for lead time,0,886,0%,74.86
shopify plus competitors,0,885,0%,39.35
opportunity pipeline management,0,882,0%,37.02
b2b fmcg ecommerce,0,875,0%,75.46
b2b ecommerce platform comparison,0,872,0%,72.73
jit supply chain,0,864,0%,73.53
order management guide,0,864,0%,84.58
benefit of e commerce to consumer,0,860,0%,68.12
ecommerce benefits,0,859,0%,75.77
control inventory,0,857,0%,81.41
how does a purchase order work,0,857,0%,81.69
product experience management platform,0,853,0%,76.61
ordermanagement,0,848,0%,82.92
ecommerce advantage,0,845,0%,77.78
b2b order taking app,0,837,0%,41.35
what is b2b ecommerce,0,837,0%,67.76
storefront software,0,833,0%,74.81
b2b purchases,0,832,0%,82.75
wholesale b2b ecommerce,0,831,0%,80.09
product description writing,0,828,0%,50.72
spare parts management system,0,826,0%,84.41
wholesale ecommerce platform,0,823,0%,72.35
o2c in accounting,0,819,0%,79.59
what is a lead time,0,811,0%,73.7
a perpetual inventory system,0,804,0%,77.93
lead time in inventory,0,801,0%,85.2
what is pxm,0,798,0%,34.84
order to cash function,0,798,0%,84.66
how to increase aftermarket sales,0,796,0%,25.85
inventory management control,0,787,0%,76.76
controlling inventory,0,785,0%,83.24
order to cash cycle,0,783,0%,65.66
channel partner engagement,0,782,0%,74.39
o2c process flow,0,780,0%,85.19
best b2b software,0,775,0%,73.35
b to b software,0,770,0%,76.7
just in time system,0,766,0%,75.25
d2c vs b2c,0,765,0%,71.81
apps for sales reps,0,760,0%,80.63
how to calculate finished goods,0,756,0%,40.32
b2b ecommerce development,0,756,0%,82.77
finished goods inventory calculator,0,755,0%,25.6
define inventory control,0,755,0%,71.44
o2c order to cash,0,754,0%,78.77
business to business marketplace,0,753,0%,90.17
b2b ordering app,0,750,0%,49.68
b2b sales growth,0,750,0%,80.24
what does lead time mean in shipping,0,743,0%,89.85
empower sales reps,0,737,0%,42.12
big commerce vs woo commerce vs shopify,0,736,0%,62.31
product experience management software,0,729,0%,76.02
just in time inventory management,0,728,0%,64.43
just in time inventory examples,0,727,0%,35.87
b2b e commerce in india,0,726,0%,65.61
b2b ecommerce in india,0,724,0%,69.01
spare parts inventory management best practices,0,723,0%,51.77
e-commerce benefits,0,720,0%,78.76
shipping for ecommerce,0,719,0%,78.94
how to improve b2b sales,0,713,0%,97.43
calculate finished goods inventory,0,701,0%,34.17
what is deadstock,0,701,0%,59.43
po in supply chain,0,697,0%,76.04
shopify bigcommerce magento woocommerce,0,695,0%,38.49
hybrid ecommerce platform,0,695,0%,79.61
b2b ecommerce india,0,691,0%,68.65
b2b ecommerce web development,0,691,0%,84.61
fmcg b2b marketplace,0,690,0%,74.96
how to sell accessories,0,687,0%,43.66
b2c ecommerce platforms,0,687,0%,75.96
quickbooks commerce replacement,0,683,0%,6.5
advantages of b2b ecommerce,0,683,0%,72.15
b2b product recommendation system,0,678,0%,42.43
b2b ecommerce companies in india,0,673,0%,76.85
methods of inventory management,0,673,0%,82.01
b2b headless commerce,0,672,0%,91.49
textile machinery spares manufacturer,0,671,0%,77.39
shopify vs woocommerce vs bigcommerce,0,665,0%,63.14
b2b e commerce,0,665,0%,67.8
b2b purchase process,0,664,0%,77.06
b2b wholesale platform,0,664,0%,80.6
what is spare,0,662,0%,14.88
what is the perpetual inventory system,0,661,0%,70.24
how to find finished goods inventory,0,659,0%,34.9
what is order to cash process,0,658,0%,78.96
what is jit inventory,0,653,0%,54.16
jit inventory system,0,651,0%,71.37
what is a b2b platform,0,646,0%,88.29
spare parts inventory,0,645,0%,76.75
sap integration third party software,0,644,0%,13.57
sell accessories online,0,631,0%,29.12
textile machinery spares,0,628,0%,63.36
ecommerce management software,0,627,0%,69.71
what is an order management system,0,624,0%,83.35
define purchase order,0,618,0%,75.45
sales partner management,0,612,0%,23.65
order to cash system,0,610,0%,85.8
what is online marketplace,0,608,0%,70.85
ending finished goods inventory formula,0,606,0%,51.05
artificial intelligence order processing software,0,604,0%,63.69
automotive spare parts supply chain management software for b2b,0,603,0%,52.39
shipping method,0,599,0%,86.44
lead time meaning shipping,0,597,0%,88.61
what is spares,0,595,0%,14.37
b2b website builder,0,595,0%,85.5
pwa ecommerce,0,594,0%,86.19
sell spare parts online,0,593,0%,40.3
crm in e-commerce,0,590,0%,89.21
how do purchase orders work,0,585,0%,79.48
maintenance spare parts management,0,585,0%,81.07
cin7 alternative,0,581,0%,85.06
e commerce personalization,0,579,0%,87.01
supply order management,0,572,0%,72.55
what is the lead time in inventory management,0,570,0%,82.64
order management in supply chain,0,569,0%,89.79
manufacturing channel engagement,0,562,0%,24.46
aftermarket strategy,0,561,0%,15.29
b2b quoting software,0,558,0%,56.09
b2b revenue growth,0,558,0%,77.74
how to sell accessories online,0,557,0%,24.58
spare parts management methods,0,557,0%,74.79
mobile apps for sales reps,0,556,0%,73.6
how to sell car parts online,0,553,0%,53.71
spare parts ordering process,0,552,0%,66.62
spare parts for sale,0,549,0%,44.89
perpetual inventory software,0,549,0%,78.93
b2b marketing tactics,0,546,0%,2.05
what is crm ecommerce,0,544,0%,73.12
what is o2c,0,543,0%,40.53
what is finished goods inventory,0,543,0%,62.18
inventory controlling,0,542,0%,81.75
just in time,0,541,0%,71.73
jit system,0,540,0%,79.61
how to sell auto parts online,0,537,0%,73.78
what is the inventory control,0,536,0%,79.91
ecommerce product catalog,0,533,0%,72.54
how to write product description,0,531,0%,64.41
what's a purchase order,0,530,0%,78.43
o2c collection management,0,529,0%,74.25
just in time stock control,0,529,0%,76.26
commerce terms,0,528,0%,83.09
shopify plus competitor,0,527,0%,47.43
inventory control systems,0,525,0%,77.4
handshake products,0,523,0%,75.34
what is a safety stock,0,522,0%,88.3
b2b ecommerce for distributors,0,520,0%,71.15
magento vs bigcommerce,0,520,0%,84.91
b2c vs d2c,0,517,0%,73.22
b2b ecommerce trends 2018,0,514,0%,70.28
ecommerce order to cash,0,511,0%,39.31
order lead time,0,507,0%,91.05
commerce platform pwa,0,505,0%,68.79
b2b vs d2c,0,504,0%,38.61
industrial cpq software,0,503,0%,81.11
just in time inventory control,0,499,0%,80.49
what is lead time in inventory management,0,499,0%,85.22
aftermarket brand strategy,0,497,0%,32.63
advantages of b2c e commerce,0,497,0%,48.94
what is order to cash,0,497,0%,64.87
features of perpetual inventory system,0,493,0%,50.92
o2c in finance,0,492,0%,79.02
evaluate the ai visibility products company profound on historical data,0,491,0%,5.03
lead time in inventory management,0,491,0%,90.66
b2b ecommerce experience,0,490,0%,80.33
perpetual inventory system examples,0,488,0%,80.05
how does an online marketplace work,0,487,0%,33.06
ai-powered ordering system,0,487,0%,71.17
finished goods inventory calculation,0,484,0%,41.36
jit inventory method,0,483,0%,67.75
selling car parts,0,482,0%,66.52
b2b marketing fmcg,0,482,0%,80.33
app for sales reps,0,481,0%,70.82
e commerce terminology,0,479,0%,80.24
sap crm integration with ecc,0,478,0%,20.42
what is product experience management,0,478,0%,58
purpose of safety stock,0,478,0%,82.63
jit management,0,478,0%,84.12
selling car parts online,0,475,0%,65.07
personalization ecommerce,0,473,0%,96.55
inventory techniques,0,472,0%,73.92
ecommerce catalogue management,0,472,0%,79.24
what is a po in business,0,472,0%,81.59
perpetual inventory systems examples,0,469,0%,83.74
b2b e commerce supply chain management,0,468,0%,67.88
spare parts sales,0,464,0%,25.32
b2b buying process steps,0,463,0%,67.89
ecommerce with crm,0,463,0%,85.67
b2b ecommerce website design,0,463,0%,87.5
sap ecc and shopify integration advantages,0,462,0%,23.42
order to cash platform,0,462,0%,83.78
write for us %2b ecommerce,0,461,0%,3.26
what is lead time in business,0,459,0%,80.55
moq meaning,0,459,0%,84.31
benefits of e commerce to consumers,0,456,0%,31.95
just in time inventory method,0,454,0%,76.25
increase parts sales,0,453,0%,17.3
b2b product recommendation engine,0,453,0%,43.42
terms used in e commerce,0,451,0%,74.85
manufacturing partner engagement software,0,450,0%,29.49
how to control inventory,0,449,0%,80.96
b2b setup,0,448,0%,33.01
grow ecommerce orders,0,446,0%,60.25
business to business buying process,0,446,0%,84.59
b2b software solutions,0,443,0%,87.85
sap ecc shopify integration solutions,0,441,0%,54.65
quickbooks commerce sunset,0,439,0%,27.18
b2b order taking,0,439,0%,64.23
bigcommerce vs magento vs shopify,0,438,0%,60.33
disadvantages of just in time,0,438,0%,63.5
what does deadstock mean,0,438,0%,88.17
b2b automated ordering,0,437,0%,34.08
b2b marketplace meaning,0,437,0%,58.25
sap ecc bigcommerce integration,0,437,0%,64.09
just in time stock management,0,437,0%,80.93
techniques for managing inventory,0,437,0%,84.17
stock management techniques,0,435,0%,82.94
whats a purchase order,0,434,0%,79.09
just in time inventory definition,0,432,0%,77.11
sell car parts online,0,431,0%,65.85
shopify plus alternative,0,430,0%,51.97
direct to consumer software,0,430,0%,75.38
e commerce terminologies,0,429,0%,86.92
how to calculate finished goods inventory ending,0,427,0%,55.55
magento sap ecc integration,0,425,0%,44.82
shopify magento bigcommerce,0,424,0%,62.9
in a just in time inventory system suppliers,0,423,0%,56.87
crm ecommerce software,0,422,0%,95.68
moq wholesale,0,421,0%,57.1
product lead time,0,420,0%,89.19
best wholesale ecommerce platform,0,419,0%,85
e-commerce shipping,0,418,0%,82.06
what is store inventory control,0,417,0%,71.33
direct purchase order,0,416,0%,82.11
pepperi competitor,0,414,0%,2.88
trade gecko,0,414,0%,57.39
inventory of finished goods,0,414,0%,65.91
features of just in time,0,413,0%,38.85
shipping methods in ecommerce,0,412,0%,71.24
formula for finished goods inventory,0,411,0%,33.86
b2b software products,0,411,0%,87.2
b2b product catalogue management,0,408,0%,62.64
just-in-time inventory system,0,407,0%,69.71
b2c e-commerce platforms,0,407,0%,84.38
b2b market place,0,406,0%,91.89
sell spare parts,0,405,0%,41.34
just in time example,0,405,0%,45.51
b2b e-commerce,0,405,0%,69.17
b2b wholesale marketplace,0,404,0%,92.04
crm e-commerce,0,401,0%,84.32
quickbooks commerce alternative,0,395,0%,6.06
explain inventory control,0,394,0%,76.84
b2b ecommerce solutions for parts sales,0,393,0%,30.13
industrial spare parts,0,387,0%,44.1
perpetual inventory advantages,0,387,0%,69.32
inventory management technique,0,387,0%,84.83
minimum quantity,0,385,0%,86.74
how to sell car parts,0,383,0%,56.28
store order management,0,383,0%,82.45
product catalogue management system,0,381,0%,68.97
ecommerce advantages,0,379,0%,65.81
order to cash o2c,0,379,0%,76.23
e commerce advantages,0,379,0%,76.98
shopify vs woocommerce vs magento,0,379,0%,86.55
pwa for ecommerce,0,378,0%,50.69
shopify vs bigcommerce vs woocommerce,0,376,0%,72.46
jit process,0,375,0%,66.69
sales representative app,0,372,0%,53.32
ecommerce crm development,0,372,0%,87.88
order to cash b2b,0,369,0%,57.89
10 advantages of e-commerce,0,369,0%,64.56
e commerce invoice,0,368,0%,40.8
advantages of digital commerce,0,366,0%,49.54
writing product descriptions,0,366,0%,57.56
how do i increase my spare parts sales,0,365,0%,4.45
progressive web app ecommerce,0,365,0%,75.99
b2b recommendation engine,0,363,0%,67.17
ecommerce shipping strategy,0,360,0%,84.03
sales performance automation,0,359,0%,56.29
what is order management in supply chain,0,359,0%,80.6
how to sell car accessories,0,357,0%,21.22
b2b product recommender,0,357,0%,32.13
rep order management,0,356,0%,31.06
heavy machinery parts order fulfillment,0,356,0%,43.57
d2c ecommerce platform,0,354,0%,69.4
channels to increase b2b sales,0,353,0%,82.3
beginning finished goods inventory formula,0,352,0%,66.53
how to increase sales in b2b,0,352,0%,87.43
b2b enterprise software,0,351,0%,76.22
sap ecc erp system integration,0,350,0%,35.48
d2c business,0,350,0%,80.89
crm for ecommerce,0,350,0%,85
sap ecc ecommerce,0,349,0%,46.32
part inventory management,0,349,0%,83.46
just in time disadvantages,0,348,0%,66.73
empower ecommerce,0,346,0%,34.15
companies that use a just-in-time jit production system,0,345,0%,43.6
disadvantages of jit,0,345,0%,81.12
automation industrial sales,0,344,0%,33.87
deadstock,0,344,0%,73.31
increase spare parts sales,0,342,0%,3.71
end-to-end perpetual inventory management system,0,341,0%,60.92
d2c trends,0,341,0%,64.94
wholesale strategy for retail,0,341,0%,76.9
what is just in time,0,340,0%,75.52
online store software,0,338,0%,53.6
sell parts online,0,338,0%,64.03
ai order processing software,0,338,0%,73.45
finished goods inventories,0,338,0%,74.46
b2b order taking software,0,338,0%,77.3
b2b in fmcg,0,338,0%,84.66
b2b commerce,0,338,0%,95.23
how to sell spare parts online,0,337,0%,25.42
ecommerce software platforms,0,335,0%,65.27
order 2 cash process flow,0,334,0%,77.21
industrial equipment spare parts,0,333,0%,73.71
b2b softwares,0,333,0%,83.08
spares management,0,333,0%,83.77
b2b online marketplace,0,333,0%,96.89
spare parts management process,0,332,0%,82.97
b2b ecommerce recommendation engine,0,331,0%,52.16
best b2b ordering app,0,331,0%,75.79
jit in inventory management,0,331,0%,81.92
partner sales optimization,0,330,0%,8.62
b2b ecommerce meaning,0,330,0%,80.48
just-in-time inventory management,0,329,0%,62.42
just in time delivery in ecommerce,0,329,0%,69.27
just in time inventory systems,0,329,0%,72.3
sell accessories,0,328,0%,49.32
just-in-time stock control,0,328,0%,77.5
tools and techniques of inventory management,0,328,0%,79.36
headless commerce b2b,0,328,0%,87.23
product categorization,0,327,0%,39.45
spare parts for heavy machinery,0,327,0%,86.17
woocommerce vs shopify vs bigcommerce,0,326,0%,75.21
mqo minimum quantity order,0,325,0%,5.49
partner engagement platform,0,324,0%,50.34
what are online marketplaces,0,324,0%,56.45
what is lead time in supply chain,0,324,0%,79.44
benefits e commerce,0,324,0%,83.82
minimum order,0,323,0%,79.02
ecommerce invoice,0,322,0%,51.61
sell parts,0,322,0%,53.43
b2b2c marketplace platform,0,322,0%,71.91
best sales rep apps,0,321,0%,57.69
best place to sell car parts online,0,320,0%,66.92
ecommerce marketing terminology,0,320,0%,78.16
business to business wholesale,0,319,0%,57.8
order management functions,0,318,0%,60.98
order to cash portal solution,0,317,0%,74.36
po in business,0,317,0%,77.04
perpetual stock system,0,316,0%,79.65
advantage of ecommerce,0,315,0%,38.7
advantages e commerce,0,315,0%,66.01
spare part inventory management,0,315,0%,77.65
order to cash management,0,315,0%,89.24
disadvantages of jit production,0,314,0%,85.23
marketing strategy for wholesale business,0,313,0%,54.13
the benefits of e commerce,0,313,0%,70.78
tradegecko edi,0,311,0%,14.27
d2c platform,0,311,0%,87.97
handshake b2b,0,310,0%,26.08
lead time formula supply chain,0,310,0%,76.53
direct to consumer,0,309,0%,63.8
managing spare parts inventory,0,309,0%,73.09
jit disadvantages,0,309,0%,80.57
customer service sales floor product recommendation techniques,0,308,0%,23.77
how to get finished goods inventory,0,308,0%,47.59
i want to sell accessories,0,308,0%,49.34
best e-commerce software,0,308,0%,53.57
magento b2b alternative,0,308,0%,60.16
safety stocks,0,308,0%,80.66
fmcg b2b vs d2c,0,307,0%,45.53
ecommerce delivery strategy,0,307,0%,84.6
b2b recommendation platform,0,306,0%,55.23
ecommerce quoting software,0,306,0%,63.11
just in time manufacturing advantages and disadvantages,0,306,0%,78.67
purchase orders explained,0,306,0%,86.47
order to cash portal,0,305,0%,78.74
minimum quantity order,0,304,0%,57.12
d2c domains,0,303,0%,42.9
b2b ecommerce product recommendation engine,0,303,0%,43.17
what does a purchase order look like,0,303,0%,77.01
the best ecommerce software,0,303,0%,88.11
spare sale,0,302,0%,9.7
jit inventory software,0,302,0%,58.96
what does lead time mean in business,0,301,0%,85.52
online spare parts business,0,300,0%,66.93
trade gecko partner,0,299,0%,49.73
b2b website recommendation engine,0,299,0%,63.55
spare parts planning,0,299,0%,66.9
benefits of business to business e commerce,0,299,0%,71.17
just-in-time supply chain,0,299,0%,75.84
lead time in supply chain,0,298,0%,84.74
advantages of commerce,0,297,0%,61.38
b2b sales order management app,0,297,0%,63.99
automobile spare parts inventory management,0,297,0%,78.89
advantages of finished goods inventory,0,295,0%,54.86
moq or mqo,0,294,0%,2.93
what is b2b wholesale,0,294,0%,34.01
how to grow b2b sales,0,293,0%,91.74
perpetual inventory system.,0,291,0%,70.35
spare parts management plan,0,290,0%,50.29
collaborative commerce platform,0,290,0%,74.49
handshake app alternative,0,289,0%,11.48
top ecommerce software,0,289,0%,80.19
what is e commerce crm,0,288,0%,69.79
wholesale sales strategies,0,288,0%,71.94
b2b retail software,0,287,0%,80
disadvantages of just in time production,0,286,0%,69.03
what is lead time in shipping,0,286,0%,92.61
e commerce and crm,0,285,0%,88.58
what is online market,0,284,0%,24
b2b catalogue management,0,284,0%,65.3
ecommerce website terminology,0,284,0%,81.16
service spare parts management,0,283,0%,86.38
definition of direct to consumer,0,282,0%,62.05
spare parts inventory optimization,0,282,0%,83.08
spare parts warehouse management,0,282,0%,84.77
personalization in e commerce,0,282,0%,93.28
cpq for mid size business,0,281,0%,14.57
sell car parts,0,281,0%,73.78
7 inventory management techniques,0,281,0%,82.91
how to manage spare parts inventory,0,279,0%,73.39
b2b product recommendation,0,278,0%,7.3
integrate eb with sap,0,278,0%,16.43
advantages b2b ecommerce,0,278,0%,43.05
b2b management software,0,278,0%,64.75
advantages of business to business e commerce,0,277,0%,65.6
what is lead time in inventory,0,277,0%,81.83
increase b2b sales,0,276,0%,87.03
quickbooks commerce competitors,0,275,0%,6.07
jit inventory systems are associated with,0,275,0%,49.03
o2c cycle process,0,275,0%,65.01
artificial intelligence order processing,0,275,0%,84.51
enterprise ecommerce,0,275,0%,89.27
define safety stock,0,273,0%,73.25
benefits of e-commerce to business,0,273,0%,75.03
b2b b2c d2c,0,273,0%,86.64
d2c marketplace,0,272,0%,71.45
top 10 ecommerce software,0,271,0%,40.17
just in time distributors,0,271,0%,41.76
benefits of ecommerce for customers,0,271,0%,52.84
cycle order to cash,0,271,0%,77.19
what are the benefits of e commerce,0,270,0%,76.98
why is order to cash software important,0,270,0%,88.96
advantage of e-commerce,0,269,0%,51.87
d2c meaning in business,0,269,0%,66.54
just in time management,0,269,0%,72.82
just in time jit inventory management,0,267,0%,67.56
sap certified connectors,0,267,0%,87.01
product recommendation strategy,0,267,0%,88.42
basic mechanism of online marketplaces,0,266,0%,26.79
veeqo alternative,0,266,0%,74.1
what is safety stock and what is its purpose,0,266,0%,76.47
b2b ecommerce product recommendation,0,265,0%,8.55
what is back ordering,0,265,0%,67.22
what is personalization in e commerce,0,265,0%,96.25
ecommerce parts,0,264,0%,44.21
purchase order explained,0,264,0%,81.33
what is just in time inventory management,0,263,0%,57.13
what is an ecommerce crm,0,263,0%,63.18
what is o2c process in accounting,0,263,0%,79.83
benefit of e commerce,0,263,0%,81.33
ecommerce crm system,0,263,0%,85.85
b2b ecommerce website,0,262,0%,78.09
whats purchase order,0,262,0%,82.34
tradegecko sunset,0,260,0%,28.58
heavy equipment part sales,0,259,0%,47.26
best apps for sales reps,0,259,0%,59.83
ecommerce product catalogue management,0,258,0%,70.87
inventory management controls,0,258,0%,81.62
procure to pay order to cash,0,257,0%,88.18
b2b ecommerce web design,0,256,0%,83.55
"is it evaluate the ai visibility products company profound on historical 
data",0,255,0%,7.14
accessories to sell,0,255,0%,41.42
spare parts pricing strategy,0,255,0%,62.45
pxm platform,0,255,0%,76.84
why is inventory control important,0,255,0%,90.76
b2b order to cash,0,254,0%,47.44
sell car for spare parts,0,253,0%,20.94
otc cycle,0,253,0%,71.77
purchase orders,0,252,0%,85.93
fmcg sales app,0,251,0%,74.23
heavy machinery spare parts,0,250,0%,66.5
ai powered b2b order taking app,0,248,0%,3.15
top sap connector,0,248,0%,44.98
order-to-cash,0,247,0%,74.65
sales app for reps,0,246,0%,65.46
order management supply chain,0,246,0%,86.64
o2c full form,0,245,0%,29.8
benefits of e commerce to business,0,245,0%,79.19
bigcommerce vs magento 2,0,245,0%,86.27
what purchase order,0,245,0%,93.06
maximize parts sales,0,244,0%,23.95
product categorization in e-commerce,0,244,0%,61.23
in the b2b buying process,0,244,0%,89.7
e commerce catalogue management,0,243,0%,82.67
cpq pump suppliers,0,242,0%,43.81
fmcg b2b business,0,242,0%,83.14
in a perpetual inventory system,0,242,0%,83.93
marketing strategies for wholesale distributors,0,241,0%,57.42
shipping strategies for ecommerce,0,241,0%,79.99
reduce spare parts consumption,0,241,0%,83.51
b2b buying,0,241,0%,90.61
parts inventory management best practices,0,240,0%,55.83
just-in-time inventory systems,0,240,0%,65.56
sell on handshake,0,240,0%,84.99
distributor buying guide,0,239,0%,38.36
optimizing spare parts inventory,0,239,0%,61.49
selling used car parts online,0,239,0%,71.34
progressive web apps for ecommerce,0,238,0%,77
inventroy control,0,236,0%,66.84
what does dead stock mean,0,236,0%,89.06
order to cash vs procure to pay,0,234,0%,64.76
wholesale ecommerce,0,234,0%,75.15
lead time demand formula,0,234,0%,81.16
what should a product description include,0,233,0%,66.27
what is d2c ecommerce,0,233,0%,72.5
online shopping terms,0,233,0%,81.4
b2b ecommerce solutions can boost competitive advantage,0,232,0%,44.93
in a just in time inventory system,0,232,0%,81.4
managing spare parts,0,232,0%,84.57
benefits of business to consumer e commerce,0,231,0%,39.82
product description guide,0,230,0%,42.43
order to cash tools,0,230,0%,85.18
categorization of products,0,229,0%,61.34
benefits of b2b e commerce,0,229,0%,83.95
b2b selling app,0,228,0%,60.9
d2c business model,0,228,0%,78.65
channel partner analytics,0,227,0%,17.07
b2b ecommerce recommendation,0,227,0%,28.99
jit inventory solutions for oems,0,227,0%,48.26
ai powered b2b platform,0,227,0%,53.89
what does ecommerce crm software do,0,227,0%,79.18
moq meaning in business,0,227,0%,81.53
growmax.ma,0,226,0%,5.38
quickbooks commerce vs,0,226,0%,47.28
offline sales app,0,226,0%,60.65
headless commerce faqs,0,226,0%,73.6
crm vs ecommerce,0,226,0%,80.33
lead time equation,0,226,0%,85.31
sell spare industrial parts,0,225,0%,34.56
sell your car parts,0,225,0%,66.33
what is ecommerce shipping,0,225,0%,70.1
ecommerce shipping process,0,224,0%,73.21
order to cash digital transformation,0,223,0%,76.72
ultimate guide to cpq,0,222,0%,22.24
product description writers,0,222,0%,80.05
ecommerce vocabulary,0,221,0%,79.92
cpq app for medium-sized enterprise,0,220,0%,7.84
what is just in time production,0,220,0%,68.98
advantages of a perpetual inventory system,0,220,0%,74.1
online store management,0,220,0%,85.05
best ecommerce platform 2022,0,219,0%,19.91
b2b order app,0,218,0%,54.9
mobile app for sales reps,0,218,0%,62.67
benefits of ecommerce to business,0,217,0%,56.51
benefits of ecommerce for a business,0,217,0%,64.79
digital ecommerce software,0,217,0%,72.43
what is order management process,0,217,0%,78.22
manufacturers and digital partners,0,216,0%,11.21
repsly competitors,0,216,0%,42.84
parts marketing,0,215,0%,35.85
what is an moq,0,214,0%,76.82
how much lead time do you need,0,214,0%,92.02
what is mqo,0,213,0%,6.7
grow parts sales,0,213,0%,28.29
best app for sales rep,0,213,0%,64.3
b2b wholesale marketing,0,213,0%,66.95
wholesale d2c marketplace,0,212,0%,41.92
o2c solutions,0,212,0%,75.41
bigcommerce vs shopify vs woocommerce,0,212,0%,75.94
product catalog management system,0,212,0%,89.06
product experience manager,0,211,0%,57.19
just in time production,0,211,0%,69.69
wholesale ecommerce app,0,211,0%,79.27
what is spare parts management,0,211,0%,80.28
advantages of inventory control,0,211,0%,83.82
what do you mean by d2c,0,211,0%,85.55
sap ecc integration with shopify,0,209,0%,50.52
"""product experience management",0,209,0%,56.23
inventory control definition,0,209,0%,90.49
ecommerce words,0,208,0%,79.07
set up b2b ecommerce website,0,207,0%,38.03
what is a purchase order form,0,207,0%,60.77
benefits of e-commerce for businesses,0,207,0%,69.79
order management tutorial,0,207,0%,85.31
zoho order management,0,205,0%,24.27
what is minimum order quantity,0,205,0%,70.33
b2b ecommerce recommendation system,0,205,0%,73.94
order to cash software,0,205,0%,78.9
perpetual inventory system software,0,204,0%,65.51
progressive web apps ecommerce,0,204,0%,75.62
headless commerce for b2b,0,204,0%,81.44
company purchase order,0,204,0%,83
who uses jit,0,203,0%,38.99
just in time distribution,0,203,0%,54.95
spare parts sourcing commerical,0,203,0%,59.23
what is a dead stock,0,203,0%,74.42
both the b2b and b2c buying processes begin with,0,202,0%,26.27
tradegecko shopify integration,0,202,0%,59.27
pxm,0,202,0%,59.74
grow online,0,202,0%,75.58
b2b catalog management,0,202,0%,86.33
grow service parts sales,0,201,0%,43.95
sap third party support,0,201,0%,52.17
what to include in product description,0,201,0%,86.38
personaization in ecommerce,0,201,0%,94.43
sap third party software,0,200,0%,26.96
d2c abbreviation,0,200,0%,27.36
magento vs bigcommerce vs shopify,0,200,0%,57.65
woocommerce vs bigcommerce vs shopify,0,200,0%,68.06
benefits of e commerce to organization,0,199,0%,52.49
industrial distribution sales training,0,199,0%,57.93
what are the benefits of ecommerce,0,199,0%,58.49
order to cash bpo,0,199,0%,85.2
product recommendation in magento 2,0,199,0%,86.53
b2b product recommendation platform,0,198,0%,35.9
industrial machinery manufacturing cpq,0,198,0%,68.05
just-in-time (jit),0,198,0%,72.06
sell auto parts online,0,198,0%,73.39
generative ai order processing software,0,198,0%,73.42
advantage of e commerce,0,197,0%,64.65
example of perpetual inventory system,0,197,0%,73.52
b2b ecommerce portal,0,197,0%,74.88
product description services,0,197,0%,76.53
handshake ai competitors,0,196,0%,4.92
b2b ecommerce recommender,0,196,0%,39.1
"what is a just-in-time (jit) inventory system? name some inventory costs 
that can be eliminated or reduced by its use.",0,196,0%,41.78
catalogue management in ecommerce,0,196,0%,56.32
industrial machinery cpq,0,196,0%,62.14
types of inventory management techniques,0,196,0%,89.14
10 advantages of e commerce,0,195,0%,65.93
offer to cash process,0,195,0%,78.01
inventory just in time,0,195,0%,84.48
wholesale b2b marketplace,0,195,0%,92.31
perpetual inventory meaning,0,194,0%,62.4
inventory planning techniques,0,194,0%,68.04
retail product recommendations,0,194,0%,85.82
4 advantages of e commerce,0,193,0%,34.87
sell automobile parts online,0,193,0%,77.54
just in time delivery,0,193,0%,82.27
advantages of e commerce to business,0,192,0%,68.77
o2c digital transformation,0,192,0%,72.68
what are the main elements of a purchase order form,0,191,0%,44.6
what is o2c cycle,0,191,0%,56.32
define perpetual inventory,0,191,0%,59.77
marketing for wholesale businesses,0,191,0%,73.85
ecommerce shipping strategies,0,191,0%,75.34
ai powered order processing,0,190,0%,39.89
just in time applications,0,190,0%,59.83
ordremanagement,0,190,0%,82.35
ai product categorization,0,190,0%,87.02
d2c vs b2b,0,189,0%,36.93
optimize parts inventory,0,189,0%,51.71
perpetual inventory counting,0,189,0%,68.11
difference between b2c and d2c,0,189,0%,76.11
the purpose of safety stock is to,0,189,0%,82.38
moq quotation,0,187,0%,50.18
manufacturing order to cash,0,187,0%,82.69
online catalog management,0,187,0%,83.25
b2b ecommerce platform for online cab booking,0,186,0%,49.25
perpetual and physical inventory,0,186,0%,72.72
order to cash services,0,186,0%,81.52
b to b ecommerce,0,186,0%,82.02
product categorization in store gadget electronic,0,185,0%,20.76
wholesale ecommerce software,0,185,0%,54.54
b2b online recommendation engine,0,183,0%,46.22
finished goods inventory management,0,183,0%,61.19
d2c meaning and example,0,183,0%,73.79