URL,Last crawled
https://www.growmax.io/arc,1970-01-01
https://www.growmax.io/arc/compare/b2b-wave,1970-01-01
https://www.growmax.io/arc/compare/cin7,1970-01-01
https://www.growmax.io/arc/compare/nowcommerce,1970-01-01
https://www.growmax.io/arc/compare/pepperi,1970-01-01
https://www.growmax.io/arc/compare/unleashed,1970-01-01
https://www.growmax.io/arc/pricing,1970-01-01
https://www.growmax.io/blog/ai-chatbots-b2b-customer-service-industrial,1970-01-01
https://www.growmax.io/blog/ai-predictive-inventory-management-distributors,1970-01-01
https://www.growmax.io/blog/ai-reshaping-b2b-ecommerce-industrial-distributors,1970-01-01
https://www.growmax.io/blog/ai-transforms-after-sales-service-manufacturing,1970-01-01
https://www.growmax.io/blog/automating-sales-pipeline-industrial-distributors,1970-01-01
https://www.growmax.io/blog/b2b-ecommerce-strategy-industrial-manufacturers,1970-01-01
https://www.growmax.io/blog/b2b-marketplace-industrial-mro-supplies,1970-01-01
https://www.growmax.io/blog/b2b-sales-tips-strategies-distributors,1970-01-01
https://www.growmax.io/blog/best-b2b-ecommerce-platforms-2026,1970-01-01
https://www.growmax.io/blog/best-b2b-ordering-apps-distributors,1970-01-01
https://www.growmax.io/blog/best-dealer-portal-software-2026,1970-01-01
https://www.growmax.io/blog/best-sap-b2b-commerce-solutions,1970-01-01
https://www.growmax.io/blog/best-spare-parts-management-software,1970-01-01
https://www.growmax.io/blog/bridging-partner-visibility-gap-quotation-order,1970-01-01
https://www.growmax.io/blog/channel-conflict-resolution-multi-channel-industrial,1970-01-01
https://www.growmax.io/blog/channel-partner-management-spreadsheets-to-digital,1970-01-01
https://www.growmax.io/blog/chemical-distributor-increased-online-orders-case-study,1970-01-01
https://www.growmax.io/blog/complete-guide-b2b-customer-specific-pricing,1970-01-01
https://www.growmax.io/blog/cpq-software-guide-small-medium-industrial-businesses,1970-01-01
https://www.growmax.io/blog/customer-specific-product-catalogs-b2b-commerce,1970-01-01
https://www.growmax.io/blog/dealer-portal-best-practices-industrial-equipment,1970-01-01
https://www.growmax.io/blog/digital-partner-engagement-revolution-manufacturing,1970-01-01
https://www.growmax.io/blog/direct-store-delivery-dsd-guide,1970-01-01
https://www.growmax.io/blog/electrical-distributor-order-processing-case-study,1970-01-01
https://www.growmax.io/blog/fastener-distributor-revenue-growth-case-study,1970-01-01
https://www.growmax.io/blog/future-b2b-commerce-headless-architecture-manufacturers,1970-01-01
https://www.growmax.io/blog/implement-tiered-pricing-b2b-wholesale-distribution,1970-01-01
https://www.growmax.io/blog/industrial-manufacturers-ai-sales-forecasting,1970-01-01
https://www.growmax.io/blog/integrating-zoho-crm-b2b-ecommerce-guide,1970-01-01
https://www.growmax.io/blog/manufacturers-dedicated-spare-parts-ordering-system,1970-01-01
https://www.growmax.io/blog/migrate-legacy-edi-modern-b2b-commerce,1970-01-01
https://www.growmax.io/blog/multi-tier-b2b-pricing-modeling,1970-01-01
https://www.growmax.io/blog/multi-warehouse-b2b-ecommerce-platform-architecture,1970-01-01
https://www.growmax.io/blog/obo-bettermann-digital-transformation-case-study,1970-01-01
https://www.growmax.io/blog/offline-order-taking-app-industrial-b2b-sales,1970-01-01
https://www.growmax.io/blog/opportunity-pipeline-management-predictable-revenue,1970-01-01
https://www.growmax.io/blog/partner-engagement-strategy-industrial-brands,1970-01-01
https://www.growmax.io/blog/partner-onboarding-automation-time-to-revenue,1970-01-01
https://www.growmax.io/blog/partner-performance-analytics-channel-growth,1970-01-01
https://www.growmax.io/blog/roi-digital-channel-management-building-materials,1970-01-01
https://www.growmax.io/blog/sales-territory-management-industrial-b2b,1970-01-01
https://www.growmax.io/blog/signs-b2b-ecommerce-creating-revenue-silos,1970-01-01
https://www.growmax.io/blog/spare-parts-ecommerce-self-service-portal,1970-01-01
https://www.growmax.io/blog/spare-parts-identification-ai-visual-lookup,1970-01-01
https://www.growmax.io/blog/spare-parts-pricing-strategy-margin-retention,1970-01-01
https://www.growmax.io/blog/top-wholesale-ordering-platforms-2026,1970-01-01
https://www.growmax.io/blog/trade-promotions-guide-wholesale-distributors,1970-01-01
https://www.growmax.io/company/about,1970-01-01
https://www.growmax.io/comparisons/bigcommerce-b2b-alternatives,1970-01-01
https://www.growmax.io/comparisons/dynamics-365-commerce-alternatives,1970-01-01
https://www.growmax.io/comparisons/handshake-alternatives,1970-01-01
https://www.growmax.io/comparisons/magento-b2b-alternatives,1970-01-01
https://www.growmax.io/comparisons/netsuite-suitecommerce-alternatives,1970-01-01
https://www.growmax.io/comparisons/orocommerce-alternatives,1970-01-01
https://www.growmax.io/comparisons/salesforce-commerce-alternatives,1970-01-01
https://www.growmax.io/comparisons/shopify-plus-b2b-alternatives,1970-01-01
https://www.growmax.io/comparisons/tradegecko-alternatives,1970-01-01
https://www.growmax.io/comparisons/zoho-commerce-alternatives,1970-01-01
https://www.growmax.io/demo,1970-01-01
https://www.growmax.io/revenue-platform,1970-01-01
https://www.growmax.io/solutions/spare-parts-ecommerce,1970-01-01